model,lambda,seed,step,avg_gate,pct_pruned,delta_pct_pruned,max_layer_delta_pct,would_be_converged,train_orig_ce,train_pruned_ce,train_delta,test_orig_ce,test_pruned_ce,test_delta,gap
gpt2,0.3,0,200,0.8974066972732544,10.25933027267456,0.0,0.0,False,2.6171306950223094,2.527267784690277,0.08986291033203253,3.3292281599854867,3.1817267795865942,0.1475013803988925,-0.05763847006685996
gpt2,0.3,0,400,0.8652343899011612,13.47656100988388,3.21723073720932,17.7734375,False,2.6171306950223094,2.5124848246080864,0.10464587041422302,3.3292281599854867,3.1755078064875355,0.1537203534979512,-0.04907448308372819
gpt2,0.3,0,600,0.8549804935852686,14.501950641473139,1.0253896315892579,5.989581346511841,True,2.6171306950223094,2.5146020380205463,0.10252865700176317,3.3292281599854867,3.187437962101909,0.14179019788357783,-0.03926154088181466
