model,lambda,seed,step,avg_gate,pct_pruned,delta_pct_pruned,max_layer_delta_pct,would_be_converged,train_orig_ce,train_pruned_ce,train_delta,test_orig_ce,test_pruned_ce,test_delta,gap
opt125m,0.8,0,200,0.5308431113759676,46.915688862403236,0.0,0.0,False,2.4598153548926462,2.638808875606643,-0.17899352071399655,2.9102497330431762,3.276643238529405,-0.36639350548622884,0.1873999847722323
opt125m,0.8,0,400,0.466878271351258,53.3121728648742,6.396484002470963,16.17838740348816,False,2.4598153548926462,2.728055383260757,-0.26824002836811056,2.9102497330431762,3.3655706803921084,-0.45532094734893214,0.18708091898082158
opt125m,0.8,0,600,0.4837239732344945,51.62760267655055,-1.6845701883236472,14.550784230232239,False,2.4598153548926462,2.6661331181659795,-0.2063177632733333,2.9102497330431762,3.292085541279574,-0.38183580823639796,0.17551804496306467
opt125m,0.8,0,800,0.4366048214336236,56.33951785663764,4.7119151800870895,14.778649806976318,False,2.4598153548926462,2.7671849024138684,-0.30736954752122214,2.9102497330431762,3.4016281871305076,-0.4913784540873314,0.18400890656610924
opt125m,0.8,0,1000,0.445339635014534,55.4660364985466,-0.8734813580910412,8.984375,False,2.4598153548926462,2.785525478795327,-0.32571012390268095,2.9102497330431762,3.396119057420478,-0.48586932437730157,0.16015920047462062
opt125m,0.8,0,1200,0.458875880887111,54.1124119112889,-1.3536245872576984,17.70833134651184,False,2.4598153548926462,2.7016440275781224,-0.24182867268547614,2.9102497330431762,3.3345926631800915,-0.42434293013691526,0.18251425745143912
opt125m,0.8,0,1350,0.4631347755591075,53.68652244408925,-0.4258894671996529,5.56640625,True,2.4598153548926462,2.7701534192922934,-0.3103380643996472,2.9102497330431762,3.337006225865179,-0.4267564928220029,0.11641842842235572
