model,lambda,seed,step,avg_gate,pct_pruned,delta_pct_pruned,max_layer_delta_pct,would_be_converged,train_orig_ce,train_pruned_ce,train_delta,test_orig_ce,test_pruned_ce,test_delta,gap
gpt2,0.05,0,200,0.9696994572877884,3.030054271221161,0.0,0.0,False,2.6171306950223094,2.4408585687797473,0.17627212624256217,3.3292281599854867,3.079427207440633,0.24980095254485368,-0.07352882630229152
gpt2,0.05,0,400,0.9592556605736414,4.074433942635858,1.0443796714146973,4.557293653488159,False,2.6171306950223094,2.438010448679814,0.17912024634249546,3.3292281599854867,3.098222750707036,0.2310054092784508,-0.05188516293595535
gpt2,0.05,0,500,0.9519585818052292,4.804141819477081,0.7297078768412231,2.4088501930236816,True,2.6171306950223094,2.448898779475433,0.16823191554687655,3.3292281599854867,3.099468711195055,0.22975944879043153,-0.06152753324355498
