lambda,seed,step,avg_gate,pct_pruned,delta_pct_pruned,max_layer_delta_pct,would_be_converged,train_orig_ce,train_pruned_ce,train_delta,test_orig_ce,test_pruned_ce,test_delta,gap
0.2,0,200,0.8170844341317812,18.291556586821876,0.0,0.0,False,3.310324622854266,3.282167021318751,0.028157601535514942,3.2876505668779528,3.264308333103651,0.02334223377430167,0.004815367761213274
0.2,0,400,0.7912326604127884,20.87673395872116,2.5851773718992845,13.639318943023682,False,3.310324622854266,3.2614802309874475,0.04884439186681844,3.2876505668779528,3.240907396115566,0.046743170762386654,0.002101221104431783
0.2,0,600,0.7696940253178278,23.030597468217216,2.1538635094960554,6.25,True,3.310324622854266,3.3262575719139047,-0.015932949059638712,3.2876505668779528,3.3041998929969214,-0.016549326118968644,0.0006163770593299311
