model,lambda,seed,step,avg_gate,pct_pruned,delta_pct_pruned,max_layer_delta_pct,would_be_converged,train_orig_ce,train_pruned_ce,train_delta,test_orig_ce,test_pruned_ce,test_delta,gap
gpt2,1.6,0,200,0.4945475421845913,50.54524578154087,0.0,0.0,False,2.6171306950223094,3.129473609846495,-0.5123429148241856,3.3292281599854867,3.8473155697349712,-0.5180874097494845,0.0057444949252989375
gpt2,1.6,0,400,0.3729112508396308,62.70887491603692,12.163629134496048,25.09765923023224,False,2.6171306950223094,3.1464362458664503,-0.5293055508441409,3.3292281599854867,3.915337136374533,-0.5861089763890464,0.05680342554490547
gpt2,1.6,0,600,0.3610568692286809,63.89431307713191,1.185438161094993,4.75260317325592,False,2.6171306950223094,3.1685610009912524,-0.5514303059689429,3.3292281599854867,3.909333080193403,-0.5801049202079165,0.02867461423897355
gpt2,1.6,0,800,0.3259819994370143,67.40180005629857,3.507486979166657,8.0078125,False,2.6171306950223094,3.2710899467642216,-0.6539592517419122,3.3292281599854867,3.9950653260444513,-0.6658371660589646,0.01187791431705243
gpt2,1.6,0,1000,0.3120931126177311,68.79068873822689,1.3888886819283215,6.282550096511841,False,2.6171306950223094,3.3434917438115836,-0.7263610487892742,3.3292281599854867,4.030012388487249,-0.700784228501762,-0.02557682028751218
gpt2,1.6,0,1200,0.3473036090532939,65.26963909467061,-3.5210496435562817,9.34244692325592,False,2.6171306950223094,3.1434232631719894,-0.52629256814968,3.3292281599854867,4.001902523192218,-0.6726743632067311,0.14638179505705118
gpt2,1.6,0,1400,0.3495280121763547,65.04719878236453,-0.22244031230607675,7.06380307674408,False,2.6171306950223094,3.230384588770877,-0.6132538937485674,3.3292281599854867,3.9482843330038597,-0.619056173018373,0.005802279269805588
gpt2,1.6,0,1550,0.3204481427868207,67.95518572131793,2.9079869389533997,8.10546875,True,2.6171306950223094,3.230248512216834,-0.6131178171945244,3.3292281599854867,3.9983745828128154,-0.6691464228273287,0.05602860563280432
