model,lambda,seed,step,avg_gate,pct_pruned,delta_pct_pruned,max_layer_delta_pct,would_be_converged,train_orig_ce,train_pruned_ce,train_delta,test_orig_ce,test_pruned_ce,test_delta,gap
gpt2,0.05,0,200,0.9752333164215088,2.476668357849121,0.0,0.0,False,2.6171306950223094,2.435389200738269,0.18174149428404052,3.3292281599854867,3.0760241550083993,0.2532040049770874,-0.07146251069304688
gpt2,0.05,0,400,0.9638400773207346,3.6159922679265377,1.1393239100774166,3.092449903488159,False,2.6171306950223094,2.4130653670393047,0.2040653279830047,3.3292281599854867,3.067243066515269,0.2619850934702179,-0.057919765487213226
gpt2,0.05,0,500,0.951795811454455,4.820418854554498,1.2044265866279606,4.036462306976318,True,2.6171306950223094,2.4310736568687594,0.18605703815355001,3.3292281599854867,3.0835777832108997,0.245650376774587,-0.059593338621036995
