model,lambda,seed,step,avg_gate,pct_pruned,delta_pct_pruned,max_layer_delta_pct,would_be_converged,train_orig_ce,train_pruned_ce,train_delta,test_orig_ce,test_pruned_ce,test_delta,gap
gpt2,0.05,0,200,0.9796549628178278,2.0345037182172176,0.0,0.0,False,2.6171306950223094,2.4249422929223012,0.1921884021000082,3.3292281599854867,3.075822159672678,0.2534060003128089,-0.061217598212800706
gpt2,0.05,0,400,0.9619954725106558,3.800452748934424,1.7659490307172065,4.296875,False,2.6171306950223094,2.443941492143041,0.1731892028792683,3.3292281599854867,3.0808116629823745,0.2484164970031122,-0.07522729412384388
gpt2,0.05,0,500,0.9602322230736414,3.976777692635858,0.1763249437014336,2.44140625,True,2.6171306950223094,2.4383122039443506,0.17881849107795889,3.3292281599854867,3.087444263514634,0.24178389647085252,-0.06296540539289364
