lambda,seed,step,avg_gate,pct_pruned,delta_pct_pruned,max_layer_delta_pct,would_be_converged,train_orig_ce,train_pruned_ce,train_delta,test_orig_ce,test_pruned_ce,test_delta,gap
1.6,0,200,0.4358995320896308,56.41004679103692,0.0,0.0,False,3.310324622854266,3.7457764783490477,-0.4354518554947817,3.2876505668779528,3.6514249600711617,-0.3637743931932089,-0.07167746230157279
1.6,0,400,0.3882649863759677,61.17350136240323,4.76345457136631,11.03515625,False,3.310324622854266,3.756699593973798,-0.44637497111953195,3.2876505668779528,3.6687979709053256,-0.3811474040273728,-0.06522756709215916
1.6,0,600,0.3757595618565877,62.42404381434123,1.2505424519380028,14.2578125,False,3.310324622854266,3.783970356101992,-0.47364573324772596,3.2876505668779528,3.6735765224967127,-0.38592595561876,-0.08771977762896599
1.6,0,800,0.3805609941482544,61.94390058517456,-0.4801432291666714,8.95182192325592,False,3.310324622854266,3.747124743939886,-0.43680012108562005,3.2876505668779528,3.659550871023448,-0.37190030414549513,-0.06489981694012492
1.6,0,950,0.3575032639006774,64.24967360993226,2.3057730247576984,9.63541865348816,True,3.310324622854266,3.8153578913443806,-0.5050332684901147,3.2876505668779528,3.718579373695094,-0.4309288068171413,-0.07410446167297335
