model,lambda,seed,step,avg_gate,pct_pruned,delta_pct_pruned,max_layer_delta_pct,would_be_converged,train_orig_ce,train_pruned_ce,train_delta,test_orig_ce,test_pruned_ce,test_delta,gap
gpt2,0.1,0,200,0.9672580510377884,3.274194896221161,0.0,0.0,False,2.6171306950223094,2.4307985392143068,0.18633215580800266,3.3292281599854867,3.120643546279472,0.20858461370601455,-0.02225245789801189
gpt2,0.1,0,400,0.9475640455881754,5.243595441182459,1.9694005449612977,5.305987596511841,False,2.6171306950223094,2.4406121054607217,0.17651858956158772,3.3292281599854867,3.086355484152568,0.24287267583291872,-0.06635408627133099
gpt2,0.1,0,600,0.9407823582490286,5.9217641750971435,0.6781687339146849,5.045574903488159,False,2.6171306950223094,2.4616359799081664,0.15549471511414303,3.3292281599854867,3.0992894679651863,0.22993869202030037,-0.07444397690615734
gpt2,0.1,0,650,0.931396504243215,6.860349575678503,0.9385854005813599,2.408856153488159,True,2.6171306950223094,2.470384258597266,0.14674643642504348,3.3292281599854867,3.1189816734471743,0.21024648653831246,-0.06350005011326898
