model,lambda,seed,step,avg_gate,pct_pruned,delta_pct_pruned,max_layer_delta_pct,would_be_converged,train_orig_ce,train_pruned_ce,train_delta,test_orig_ce,test_pruned_ce,test_delta,gap
gpt2,0.8,0,200,0.744439035654068,25.5560964345932,0.0,0.0,False,2.6171306950223094,2.6382851844816324,-0.021154489459322967,3.3292281599854867,3.3735262976162157,-0.044298137630728984,0.023143648171406017
gpt2,0.8,0,400,0.6571723272403082,34.282767275969185,8.726670841375984,21.84244990348816,False,2.6171306950223094,2.7284145680648635,-0.11128387304255405,3.3292281599854867,3.4345457223837927,-0.10531756239830603,-0.0059663106442480185
gpt2,0.8,0,600,0.6386990224321684,36.130097756783165,1.84733048081398,7.454425096511841,False,2.6171306950223094,2.8804440441917243,-0.26331334916941485,3.3292281599854867,3.58479815731168,-0.2555699973261931,-0.007743351843221724
gpt2,0.8,0,800,0.6110026265184084,38.89973734815916,2.7696395913759915,22.36328125,True,2.6171306950223094,2.7381380870749052,-0.12100739205259581,3.3292281599854867,3.494962160166589,-0.1657340001811023,0.044726608128506484
