model,lambda,seed,step,avg_gate,pct_pruned,delta_pct_pruned,max_layer_delta_pct,would_be_converged,train_orig_ce,train_pruned_ce,train_delta,test_orig_ce,test_pruned_ce,test_delta,gap
opt125m,0.3,0,200,0.713677316904068,28.6322683095932,0.0,0.0,False,2.4598153548926462,2.540309352324856,-0.08049399743220986,2.9102497330431762,3.041231399736523,-0.13098166669334654,0.05048766926113668
opt125m,0.3,0,400,0.6779242853323618,32.20757146676382,3.575303157170616,11.458337306976318,False,2.4598153548926462,2.5684539947360228,-0.10863863984337652,2.9102497330431762,3.1187753932290407,-0.2085256601858645,0.09988702034248798
opt125m,0.3,0,600,0.6453179369370142,35.468206306298576,3.2606348395347595,13.8671875,True,2.4598153548926462,2.6400834488609783,-0.1802680939683321,2.9102497330431762,3.1442952979390397,-0.23404556489586348,0.05377747092753138
