model,lambda,seed,step,avg_gate,pct_pruned,delta_pct_pruned,max_layer_delta_pct,would_be_converged,train_orig_ce,train_pruned_ce,train_delta,test_orig_ce,test_pruned_ce,test_delta,gap
opt125m,0.01,0,200,0.9728461553653082,2.7153844634691837,0.0,0.0,False,2.4598153548926462,2.4760404422012847,-0.016225087308638475,2.9102497330431762,2.937739929081609,-0.027490196038432835,0.01126510872979436
opt125m,0.01,0,400,0.9520942022403082,4.790579775969183,2.0751953124999996,8.626306056976318,False,2.4598153548926462,2.482151060777296,-0.022335705884649837,2.9102497330431762,2.948301891085696,-0.038052158042519935,0.015716452157870098
opt125m,0.01,0,550,0.9457465509573618,5.425344904263818,0.6347651282946352,5.110675096511841,True,2.4598153548926462,2.472797560456748,-0.01298220556410179,2.9102497330431762,2.950375448754054,-0.04012571571087786,0.027143510146776073
