model,lambda,seed,step,avg_gate,pct_pruned,delta_pct_pruned,max_layer_delta_pct,would_be_converged,train_orig_ce,train_pruned_ce,train_delta,test_orig_ce,test_pruned_ce,test_delta,gap
opt125m,1.6,0,200,0.3204210152228673,67.95789847771327,0.0,0.0,False,2.4598153548926462,2.900995103990405,-0.4411797490977589,2.9102497330431762,3.6617124462707533,-0.7514627132275771,0.31028296412981815
opt125m,1.6,0,400,0.2976345556477706,70.23654443522294,2.278645957509667,10.64453125,False,2.4598153548926462,2.936670370727933,-0.4768550158352869,2.9102497330431762,3.6588442790708307,-0.7485945460276544,0.2717395301923675
opt125m,1.6,0,600,0.2817111611366272,71.82888388633728,1.5923394511143414,11.55599057674408,False,2.4598153548926462,3.0048281729546793,-0.545012818062033,2.9102497330431762,3.7067591652955723,-0.796509432252396,0.25149661419036295
opt125m,1.6,0,800,0.2881130712727706,71.18869287272294,-0.6401910136143414,9.60286408662796,False,2.4598153548926462,2.9206133266933376,-0.4607979718006914,2.9102497330431762,3.646612173457268,-0.7363624404140916,0.2755644686134002
opt125m,1.6,0,1000,0.2947591232756774,70.52408767243226,-0.6646052002906799,7.51953125,True,2.4598153548926462,2.8916708959331774,-0.43185554104053114,2.9102497330431762,3.6113880980422266,-0.7011383649990504,0.2692828239585192
