model,lambda,seed,step,avg_gate,pct_pruned,delta_pct_pruned,max_layer_delta_pct,would_be_converged,train_orig_ce,train_pruned_ce,train_delta,test_orig_ce,test_pruned_ce,test_delta,gap
gpt2,0.8,0,200,0.686659092704455,31.334090729554497,0.0,0.0,False,2.6171306950223094,2.715715612346438,-0.09858491732412844,3.3292281599854867,3.4080116701840417,-0.078783510198555,-0.019801407125573434
gpt2,0.8,0,400,0.6414930745959282,35.85069254040718,4.516601810852684,15.8203125,False,2.6171306950223094,2.853229138063844,-0.2360984430415347,3.3292281599854867,3.496810240107428,-0.16758208012194142,-0.06851636291959329
gpt2,0.8,0,600,0.6082628220319748,39.17371779680252,3.32302525639534,19.98697519302368,False,2.6171306950223094,2.7916522452768278,-0.17452155025451832,3.3292281599854867,3.5300927535970534,-0.20086459361156672,0.0263430433570484
gpt2,0.8,0,800,0.6034885222713152,39.65114777286848,0.47742997606595594,24.54427480697632,False,2.6171306950223094,2.877808953998599,-0.2606782589762897,3.3292281599854867,3.6197996848025187,-0.29057152481703197,0.029893265840742256
gpt2,0.8,0,1000,0.6510688116153082,34.893118838469185,-4.758028934399292,16.40625,False,2.6171306950223094,2.7855499512663022,-0.1684192562439928,3.3292281599854867,3.504241246505152,-0.17501308651966507,0.0065938302756722855
gpt2,0.8,0,1150,0.6628146866957346,33.718531330426536,-1.1745875080426487,12.890625,True,2.6171306950223094,2.760311980646046,-0.14318128562373644,3.3292281599854867,3.449231298607028,-0.12000313862154144,-0.023178147002195004
