model,lambda,seed,step,avg_gate,pct_pruned,delta_pct_pruned,max_layer_delta_pct,would_be_converged,train_orig_ce,train_pruned_ce,train_delta,test_orig_ce,test_pruned_ce,test_delta,gap
gpt2,0.4,0,200,0.866319457689921,13.368054231007898,0.0,0.0,False,2.6171306950223094,2.5349002552188877,0.0822304398034217,3.3292281599854867,3.1799535560604095,0.1492746039250772,-0.06704416412165548
gpt2,0.4,0,400,0.8274468531211218,17.255314687887825,3.887260456879927,19.46614384651184,False,2.6171306950223094,2.527354835286117,0.0897758597361924,3.3292281599854867,3.1985022468889626,0.13072591309652415,-0.04095005336033175
gpt2,0.4,0,600,0.7958170721928278,20.418292780717216,3.162978092829391,7.975262403488159,False,2.6171306950223094,2.585322175920695,0.03180851910161442,3.3292281599854867,3.2623372901599192,0.06689086982556747,-0.03508235072395305
gpt2,0.4,0,700,0.7809516290823618,21.904837091763817,1.4865443110466003,9.60286259651184,True,2.6171306950223094,2.593203666799128,0.0239270282231816,3.3292281599854867,3.2682814044273742,0.060946755558112464,-0.03701972733493086
