model,lambda,seed,step,avg_gate,pct_pruned,delta_pct_pruned,max_layer_delta_pct,would_be_converged,train_orig_ce,train_pruned_ce,train_delta,test_orig_ce,test_pruned_ce,test_delta,gap
opt125m,0.4,0,200,0.6843261905014515,31.56738094985485,0.0,0.0,False,2.4598153548926462,2.5263937271228563,-0.06657837223021001,2.9102497330431762,3.0618973525014552,-0.15164761945827898,0.08506924722806897
opt125m,0.4,0,400,0.6434461995959282,35.65538004040718,4.08799909055233,14.6484375,False,2.4598153548926462,2.5664663410427098,-0.10665098615006352,2.9102497330431762,3.116407737123668,-0.20615800408049179,0.09950701793042827
opt125m,0.4,0,600,0.6282823458313942,37.17176541686058,1.5163853764533997,10.44921875,False,2.4598153548926462,2.6228198610870104,-0.16300450619436413,2.9102497330431762,3.152201048505147,-0.24195131546197057,0.07894680926760644
opt125m,0.4,0,750,0.5984700669844946,40.152993301550545,2.9812278846899645,14.029943943023682,True,2.4598153548926462,2.607291137254935,-0.14747578236228875,2.9102497330431762,3.1500306438356858,-0.23978091079250952,0.09230512843022076
