lambda,seed,step,avg_gate,pct_pruned,delta_pct_pruned,max_layer_delta_pct,would_be_converged,train_orig_ce,train_pruned_ce,train_delta,test_orig_ce,test_pruned_ce,test_delta,gap
0.4,0,200,0.7363552699486414,26.364473005135856,0.0,0.0,False,3.310324622854266,3.333285583324696,-0.02296096047043017,3.2876505668779528,3.30564511729497,-0.01799455041701714,-0.0049664100534130284
0.4,0,400,0.7154948115348816,28.45051884651184,2.0860458413759844,8.91926884651184,False,3.310324622854266,3.3467427640750995,-0.03641814122083353,3.2876505668779528,3.309373972175069,-0.021723405297116027,-0.014694735923717506
0.4,0,600,0.6909179811676344,30.908201883236565,2.457683036724724,9.765625,False,3.310324622854266,3.3276968809668475,-0.017372258112581473,3.2876505668779528,3.2980484250102102,-0.010397858132257465,-0.006974399980324009
0.4,0,650,0.6905653278032938,30.943467219670616,0.035265336434051164,7.942706346511841,True,3.310324622854266,3.3899013821359953,-0.07957675928172936,3.2876505668779528,3.3637777200047787,-0.07612715312682594,-0.0034496061549034174
