model,lambda,seed,step,avg_gate,pct_pruned,delta_pct_pruned,max_layer_delta_pct,would_be_converged,train_orig_ce,train_pruned_ce,train_delta,test_orig_ce,test_pruned_ce,test_delta,gap
opt125m,0.8,0,200,0.5817328679064909,41.826713209350906,0.0,0.0,False,2.4598153548926462,2.633403166148345,-0.17358781125569855,2.9102497330431762,3.242255797021191,-0.3320060639780147,0.15841825272231613
opt125m,0.8,0,400,0.5059407651424408,49.40592348575592,7.579210276405014,15.72265625,False,2.4598153548926462,2.672616226434369,-0.2128008715417229,2.9102497330431762,3.302529645539772,-0.3922799124965959,0.179479040954873
opt125m,0.8,0,600,0.4932454538842042,50.67545461157958,1.2695311258236615,9.40755307674408,False,2.4598153548926462,2.6849644496161025,-0.22514909472345623,2.9102497330431762,3.3018709005514415,-0.39162116750826526,0.16647207278480902
opt125m,0.8,0,800,0.4710557845731576,52.89442154268424,2.21896693110466,7.845056056976318,False,2.4598153548926462,2.6819619669618886,-0.22214661206924236,2.9102497330431762,3.311398822757377,-0.4011490897142007,0.17900247764495836
opt125m,0.8,0,1000,0.4638671999176343,53.61328000823657,0.71885846555233,9.30989384651184,False,2.4598153548926462,2.694588111256091,-0.23477275636344475,2.9102497330431762,3.344037762713262,-0.4337880296700858,0.19901527330664104
opt125m,0.8,0,1100,0.4816623354951541,51.83376645048459,-1.779513557751983,16.14583134651184,True,2.4598153548926462,2.676857214212041,-0.2170418593193948,2.9102497330431762,3.286361324374429,-0.3761115913312527,0.15906973201185792
