model,lambda,seed,step,avg_gate,pct_pruned,delta_pct_pruned,max_layer_delta_pct,would_be_converged,train_orig_ce,train_pruned_ce,train_delta,test_orig_ce,test_pruned_ce,test_delta,gap
opt125m,0.2,0,200,0.7958170771598816,20.41829228401184,0.0,0.0,False,2.4598153548926462,2.513353817219586,-0.05353846232693993,2.9102497330431762,3.0159812169603453,-0.10573148391716902,0.052193021590229094
opt125m,0.2,0,400,0.739990254243215,26.000974575678505,5.582682291666664,19.04296875,False,2.4598153548926462,2.5060001837281924,-0.0461848288355462,2.9102497330431762,3.0189225550315295,-0.10867282198835326,0.062487993152807064
opt125m,0.2,0,600,0.7299262334903082,27.007376650969185,1.00640207529068,4.58984375,False,2.4598153548926462,2.5119638619760236,-0.05214850708337737,2.9102497330431762,3.019602444975917,-0.10935271193274065,0.05720420484936328
opt125m,0.2,0,750,0.707166905204455,29.283309479554497,2.2759328285853115,7.096356153488159,True,2.4598153548926462,2.5194767010984673,-0.059661346205821086,2.9102497330431762,3.0349907441893498,-0.12474101114617353,0.06507966494035244
