model,lambda,seed,step,avg_gate,pct_pruned,delta_pct_pruned,max_layer_delta_pct,would_be_converged,train_orig_ce,train_pruned_ce,train_delta,test_orig_ce,test_pruned_ce,test_delta,gap
opt125m,1.6,0,200,0.3259548681477706,67.40451318522294,0.0,0.0,False,2.4598153548926462,2.9357142562439336,-0.4758989013512873,2.9102497330431762,3.7441245664007443,-0.8338748333575681,0.35797593200628075
opt125m,1.6,0,400,0.3015136793255806,69.84863206744194,2.4441188822190014,7.584631443023682,False,2.4598153548926462,2.971006933437657,-0.5111915785450107,2.9102497330431762,3.6508495804977366,-0.7405998474545603,0.22940826890954957
opt125m,1.6,0,600,0.3096517014006774,69.03482985993226,-0.8138022075096814,6.73828125,False,2.4598153548926462,2.91173248213385,-0.4519171272412037,2.9102497330431762,3.6124926475637515,-0.7022429145205753,0.2503257872793716
opt125m,1.6,0,800,0.2862684552868207,71.37315447131793,2.338324611385673,6.67317807674408,False,2.4598153548926462,2.9282007058283486,-0.4683853509357023,2.9102497330431762,3.6571996366790054,-0.7469499036358291,0.2785645527001268
opt125m,1.6,0,1000,0.2810601269205411,71.89398730794589,0.5208328366279602,7.779949903488159,False,2.4598153548926462,2.993471204634893,-0.5336558497422468,2.9102497330431762,3.699819486525877,-0.7895697534827009,0.2559139037404541
opt125m,1.6,0,1050,0.2904731010397275,70.95268989602725,-0.9412974119186401,9.21224057674408,True,2.4598153548926462,2.948676703374346,-0.48886134848169993,2.9102497330431762,3.6284288571580374,-0.7181791241148612,0.22931777563316125
