model,lambda,seed,step,avg_gate,pct_pruned,delta_pct_pruned,max_layer_delta_pct,would_be_converged,train_orig_ce,train_pruned_ce,train_delta,test_orig_ce,test_pruned_ce,test_delta,gap
gpt2,1.6,0,200,0.4045410317679246,59.54589682320754,0.0,0.0,False,2.6171306950223094,3.241390580026986,-0.6242598850046766,3.3292281599854867,3.923846781073805,-0.5946186210883182,-0.02964126391635835
gpt2,1.6,0,400,0.3518609032034874,64.81390967965126,5.268012856443718,9.66796875,False,2.6171306950223094,3.138196585385756,-0.5210658903634466,3.3292281599854867,3.951852213685738,-0.6226240537002514,0.10155816333680479
gpt2,1.6,0,600,0.3519422821700573,64.80577178299427,-0.008137896656990051,5.6640625,False,2.6171306950223094,3.251558891460727,-0.6344281964384177,3.3292281599854867,3.9052670553647584,-0.5760388953792717,-0.05838930105914608
gpt2,1.6,0,800,0.3346083015203476,66.53916984796524,1.7333980649709702,9.86328125,False,2.6171306950223094,3.1627396396566465,-0.5456089446343371,3.3292281599854867,3.967680807797827,-0.6384526478123402,0.09284370317800317
gpt2,1.6,0,1000,0.3430989645421505,65.69010354578495,-0.8490663021802902,8.10546875,False,2.6171306950223094,3.18981631121308,-0.5726856161907707,3.3292281599854867,3.9604190879660717,-0.631190927980585,0.05850531178981422
gpt2,1.6,0,1200,0.3321126389006774,66.78873610993226,1.0986325641473087,11.84895783662796,False,2.6171306950223094,3.2560235895908636,-0.6388928945685541,3.3292281599854867,3.9744394924519586,-0.6452113324664719,0.00631843789791775
gpt2,1.6,0,1300,0.3461371610562007,65.38628389437993,-1.40245221555233,10.67708283662796,True,2.6171306950223094,3.167563485356316,-0.5504327903340065,3.3292281599854867,3.9144878081554015,-0.5852596481699148,0.03482685783590833
