model,lambda,seed,step,avg_gate,pct_pruned,delta_pct_pruned,max_layer_delta_pct,would_be_converged,train_orig_ce,train_pruned_ce,train_delta,test_orig_ce,test_pruned_ce,test_delta,gap
opt125m,0.3,0,200,0.7250162959098816,27.49837040901184,0.0,0.0,False,2.4598153548926462,2.5141953883970944,-0.0543800335044482,2.9102497330431762,3.0324757183458106,-0.1222259853026344,0.0678459517981862
opt125m,0.3,0,400,0.6656901190678278,33.430988093217216,5.9326176842053755,16.27604365348816,False,2.4598153548926462,2.6485062006814553,-0.18869084578880901,2.9102497330431762,3.1231580635755476,-0.21290833053237135,0.024217484743562334
opt125m,0.3,0,600,0.6667751893401146,33.32248106598854,-0.10850702722867567,10.61198115348816,False,2.4598153548926462,2.5490256510137757,-0.0892102961211294,2.9102497330431762,3.0717726770564386,-0.1615229440132624,0.07231264789213299
opt125m,0.3,0,800,0.6679416447877884,33.20583552122116,-0.11664554476737976,13.216149806976318,False,2.4598153548926462,2.560639108390116,-0.10082375349746986,2.9102497330431762,3.0660807157831695,-0.1558309827399933,0.05500722924252344
opt125m,0.3,0,900,0.662597676118215,33.740232388178505,0.5343968669573442,5.56640625,True,2.4598153548926462,2.5483343790868735,-0.0885190241942273,2.9102497330431762,3.0672982102162947,-0.15704847717311843,0.06852945297889113
