model,lambda,seed,step,avg_gate,pct_pruned,delta_pct_pruned,max_layer_delta_pct,would_be_converged,train_orig_ce,train_pruned_ce,train_delta,test_orig_ce,test_pruned_ce,test_delta,gap
opt125m,0.25,0,200,0.7567817072073618,24.321829279263817,0.0,0.0,False,2.4598153548926462,2.530347975152176,-0.07053262025952955,2.9102497330431762,3.0240280775216184,-0.11377834447844215,0.043245724218912596
opt125m,0.25,0,400,0.7094184209903082,29.058157900969185,4.736328621705368,16.37369394302368,False,2.4598153548926462,2.5555635858372225,-0.0957482309445763,2.9102497330431762,3.0639906382092943,-0.15374090516611805,0.05799267422154175
opt125m,0.25,0,600,0.6981065745155016,30.189342548449837,1.1311846474806515,5.240881443023682,False,2.4598153548926462,2.535726974038077,-0.07591161914543054,2.9102497330431762,3.0449890535295827,-0.13473932048640647,0.058827701340975924
opt125m,0.25,0,650,0.702419730524222,29.758026947577797,-0.4313156008720398,3.6458373069763184,True,2.4598153548926462,2.5384005554466404,-0.0785852005539942,2.9102497330431762,3.0496528846134785,-0.13940315157030225,0.06081795101630805
