lambda,seed,step,avg_gate,pct_pruned,delta_pct_pruned,max_layer_delta_pct,would_be_converged,train_orig_ce,train_pruned_ce,train_delta,test_orig_ce,test_pruned_ce,test_delta,gap
0.3,0,200,0.7738715435067812,22.612845649321876,0.0,0.0,False,3.310324622854266,3.3053605371042356,0.004964085750030378,3.2876505668779528,3.2791931505391507,0.008457416338802037,-0.0034933305887716593
0.3,0,400,0.750054270029068,24.9945729970932,2.3817273477713243,7.259112596511841,False,3.310324622854266,3.329659128864302,-0.019334506010035835,3.2876505668779528,3.3008780767160446,-0.013227509838091844,-0.00610699617194399
0.3,0,600,0.7229546656211218,27.704533437887825,2.7099604407946245,8.268225193023682,True,3.310324622854266,3.3483234184470523,-0.037998795592786294,3.2876505668779528,3.3210383974296307,-0.03338783055167793,-0.004610965041108361
