model,lambda,seed,step,avg_gate,pct_pruned,delta_pct_pruned,max_layer_delta_pct,would_be_converged,train_orig_ce,train_pruned_ce,train_delta,test_orig_ce,test_pruned_ce,test_delta,gap
gpt2,1.6,0,200,0.3752712806065877,62.47287193934123,0.0,0.0,False,2.6171306950223094,3.280731072900114,-0.6636003778778043,3.3292281599854867,4.022151175788713,-0.6929230158032267,0.029322637925422335
gpt2,1.6,0,400,0.3453504840532939,65.46495159467061,2.992079655329377,11.81640625,False,2.6171306950223094,3.2301661312042462,-0.6130354361819368,3.3292281599854867,3.918460866704402,-0.5892327067189154,-0.02380272946302142
gpt2,1.6,0,600,0.3089735321700573,69.10264678299427,3.6376951883236615,10.9375,False,2.6171306950223094,3.315595124468293,-0.6984644294459836,3.3292281599854867,4.090467939758499,-0.7612397797730122,0.06277535032702852
gpt2,1.6,0,800,0.3285590422650178,67.14409577349822,-1.9585510094960483,8.17057490348816,False,2.6171306950223094,3.2820369707622272,-0.6649062757399178,3.3292281599854867,4.020583398380423,-0.6913552383949364,0.026448962655018615
gpt2,1.6,0,1000,0.3551703666647275,64.48296333352725,-2.66113243997097,9.47265625,False,2.6171306950223094,3.183515895149484,-0.5663852001271747,3.3292281599854867,3.8727901032448826,-0.5435619432593959,-0.022823256867778863
gpt2,1.6,0,1100,0.3609483589728673,63.90516410271327,-0.5777992308139801,6.77083432674408,True,2.6171306950223094,3.1509542274185174,-0.533823532396208,3.3292281599854867,3.9198492813611994,-0.5906211213757127,0.05679758897950471
