lambda,seed,step,avg_gate,pct_pruned,delta_pct_pruned,max_layer_delta_pct,would_be_converged,train_orig_ce,train_pruned_ce,train_delta,test_orig_ce,test_pruned_ce,test_delta,gap
0.01,0,200,0.9512261499961218,4.877385000387823,0.0,0.0,False,3.310324622854266,3.248702561002476,0.0616220618517902,3.2876505668779528,3.2281255348579565,0.05952503201999626,0.0020970298317939395
0.01,0,400,0.9319661756356558,6.803382436434424,1.9259974360466003,3.22265625,False,3.310324622854266,3.242257766860583,0.068066855993683,3.2876505668779528,3.225713336197609,0.061937230680343625,0.006129625313339382
0.01,0,500,0.9243978063265482,7.560219367345178,0.7568369309107545,2.1809935569763184,True,3.310324622854266,3.2879857936189945,0.02233882923527153,3.2876505668779528,3.2720072038025996,0.01564336307535319,0.00669546615991834
