model,lambda,seed,step,avg_gate,pct_pruned,delta_pct_pruned,max_layer_delta_pct,would_be_converged,train_orig_ce,train_pruned_ce,train_delta,test_orig_ce,test_pruned_ce,test_delta,gap
gpt2,0.3,0,200,0.9230685979127884,7.693140208721161,0.0,0.0,False,2.6171306950223094,2.5006934374927887,0.11643725752952072,3.3292281599854867,3.154347121342413,0.1748810386430737,-0.05844378111355297
gpt2,0.3,0,400,0.8662380874156952,13.376191258430481,5.68305104970932,19.23828125,False,2.6171306950223094,2.5148372922831266,0.10229340273918286,3.3292281599854867,3.1939934376070562,0.13523472237843048,-0.032941319639247624
gpt2,0.3,0,600,0.858262817064921,14.173718293507898,0.7975270350774171,3.8736939430236816,False,2.6171306950223094,2.547583791119506,0.0695469039028036,3.3292281599854867,3.2040742733122864,0.12515388667320027,-0.05560698277039666
gpt2,0.3,0,650,0.8423936814069748,15.76063185930252,1.5869135657946227,7.877606153488159,True,2.6171306950223094,2.5331513498155553,0.0839793452067541,3.3292281599854867,3.232816174592077,0.09641198539340978,-0.012432640186655686
