lambda,seed,step,avg_gate,pct_pruned,delta_pct_pruned,max_layer_delta_pct,would_be_converged,train_orig_ce,train_pruned_ce,train_delta,test_orig_ce,test_pruned_ce,test_delta,gap
0.1,0,200,0.883599191904068,11.6400808095932,0.0,0.0,False,3.310324622854266,3.2645882133789144,0.045736409475351625,3.2876505668779528,3.2493350153009986,0.03831555157695421,0.007420857898397415
0.1,0,400,0.8415527443091074,15.844725569089258,4.204644759496057,14.290368556976318,False,3.310324622854266,3.2733880399825557,0.03693658287171031,3.2876505668779528,3.2513786849433126,0.03627188193464015,0.0006647009370701618
0.1,0,600,0.8181966294844946,18.180337051550545,2.335611482461287,4.231768846511841,False,3.310324622854266,3.2622618539044517,0.048062768949814316,3.2876505668779528,3.248153241434732,0.03949732544322071,0.008565443506593606
0.1,0,800,0.8055555721124014,19.444442788759865,1.26410573720932,6.315106153488159,False,3.310324622854266,3.3429391165252125,-0.03261449367094649,3.2876505668779528,3.328803118663959,-0.041152551786006075,0.008538058115059588
0.1,0,850,0.8082411289215088,19.17588710784912,-0.2685556809107439,2.6692748069763184,True,3.310324622854266,3.248341932223128,0.06198269063113804,3.2876505668779528,3.2226031033090905,0.06504746356886226,-0.003064772937724225
