model,lambda,seed,step,avg_gate,pct_pruned,delta_pct_pruned,max_layer_delta_pct,would_be_converged,train_orig_ce,train_pruned_ce,train_delta,test_orig_ce,test_pruned_ce,test_delta,gap
opt125m,0.1,0,200,0.899441217382749,10.055878261725104,0.0,0.0,False,2.4598153548926462,2.4828902862627946,-0.023074931370148377,2.9102497330431762,2.9611047788363374,-0.050855045793161135,0.02778011442301276
opt125m,0.1,0,400,0.821261947353681,17.873805264631905,7.817927002906801,27.66927480697632,False,2.4598153548926462,2.5222761753799987,-0.062460820487352464,2.9102497330431762,3.0200670727653676,-0.10981733972219132,0.047356519234838856
opt125m,0.1,0,600,0.8130154261986414,18.698457380135856,0.8246521155039517,5.17578125,False,2.4598153548926462,2.4987107477974146,-0.0388953929047684,2.9102497330431762,2.965674736759239,-0.055425003716062626,0.016529610811294226
opt125m,0.1,0,800,0.798204225798448,20.179577420155205,1.4811200400193485,5.56640625,False,2.4598153548926462,2.5065696755657982,-0.046754320673151994,2.9102497330431762,2.965394271664883,-0.05514453862170665,0.008390217948554657
opt125m,0.1,0,900,0.782524973154068,21.7475026845932,1.5679252644379957,5.76171875,True,2.4598153548926462,2.5147340354205308,-0.05491868052788451,2.9102497330431762,2.9938590172617507,-0.0836092842185745,0.028690603690689986
