lambda,seed,step,avg_gate,pct_pruned,delta_pct_pruned,max_layer_delta_pct,would_be_converged,train_orig_ce,train_pruned_ce,train_delta,test_orig_ce,test_pruned_ce,test_delta,gap
0.8,0,200,0.612711600959301,38.7288399040699,0.0,0.0,False,3.310324622854266,3.4712490129452704,-0.16092439009100445,3.2876505668779528,3.425669071876959,-0.13801850499900636,-0.02290588509199809
0.8,0,400,0.590684694548448,40.931530545155205,2.2026906410853044,10.7421875,False,3.310324622854266,3.4705320894080387,-0.16020746655377271,3.2876505668779528,3.428000043369741,-0.1403494764917883,-0.01985799006198441
0.8,0,600,0.5499403389791647,45.005966102083526,4.0744355569283215,16.40625,False,3.310324622854266,3.5331445978141747,-0.22281997495990868,3.2876505668779528,3.4819192693420367,-0.1942687024640839,-0.028551272495824787
0.8,0,650,0.5751410747567812,42.485892524321876,-2.52007357776165,17.48046875,True,3.310324622854266,3.492269646194201,-0.18194502333993512,3.2876505668779528,3.4445351382136744,-0.15688457133572165,-0.025060452004213474
