lambda,seed,step,avg_gate,pct_pruned,delta_pct_pruned,max_layer_delta_pct,would_be_converged,train_orig_ce,train_pruned_ce,train_delta,test_orig_ce,test_pruned_ce,test_delta,gap
0.25,0,200,0.7984483738740286,20.155162612597145,0.0,0.0,False,3.310324622854266,3.2902863497171295,0.020038273137136464,3.2876505668779528,3.2695329452710653,0.018117621606887457,0.0019206515302490068
0.25,0,400,0.7667914678653082,23.320853213469185,3.16569060087204,10.28645634651184,False,3.310324622854266,3.284140791935254,0.026183830919011886,3.2876505668779528,3.258793639746658,0.02885692713129462,-0.002673096212282733
0.25,0,600,0.7443576579292616,25.564234207073845,2.24338099360466,4.524743556976318,False,3.310324622854266,3.2928213107852704,0.01750331206899558,3.2876505668779528,3.268773571124384,0.018876995753568604,-0.0013736836845730238
0.25,0,650,0.746636301279068,25.3363698720932,-0.2278643349806444,2.24609375,True,3.310324622854266,3.303048100480366,0.007276522373900196,3.2876505668779528,3.284446748324081,0.003203818553871862,0.004072703820028334
