model,lambda,seed,step,avg_gate,pct_pruned,delta_pct_pruned,max_layer_delta_pct,would_be_converged,train_orig_ce,train_pruned_ce,train_delta,test_orig_ce,test_pruned_ce,test_delta,gap
gpt2,0.3,0,200,0.886962910493215,11.303708950678503,0.0,0.0,False,2.6171306950223094,2.5186839331702977,0.09844676185201173,3.3292281599854867,3.184425464951827,0.14480269503365983,-0.0463559331816481
gpt2,0.3,0,400,0.8536784201860428,14.632157981395721,3.328449030717218,7.877600193023682,False,2.6171306950223094,2.515117486354511,0.1020132086677985,3.3292281599854867,3.1806899230645516,0.14853823692093515,-0.04652502825313665
gpt2,0.3,0,600,0.8590494990348816,14.09505009651184,-0.5371078848838806,9.63541865348816,False,2.6171306950223094,2.5301643268149214,0.08696636820738801,3.3292281599854867,3.212214006328848,0.1170141536566387,-0.030047785449250686
gpt2,0.3,0,650,0.8488227128982544,15.11772871017456,1.0226786136627197,12.40234375,True,2.6171306950223094,2.5151033367227824,0.10202735829952703,3.3292281599854867,3.2042926802902514,0.12493547969523533,-0.022908121395708303
