lambda,seed,step,avg_gate,pct_pruned,delta_pct_pruned,max_layer_delta_pct,would_be_converged,train_orig_ce,train_pruned_ce,train_delta,test_orig_ce,test_pruned_ce,test_delta,gap
0.05,0,200,0.9322916865348816,6.770831346511841,0.0,0.0,False,3.310324622854266,3.243672689472848,0.06665193338141817,3.2876505668779528,3.2295123196479816,0.058138247229971185,0.008513686151446986
0.05,0,400,0.8863389939069748,11.36610060930252,4.59526926279068,26.23698115348816,False,3.310324622854266,3.238167704132815,0.07215691872145102,3.2876505668779528,3.21804691101089,0.06960365586706274,0.002553262854388283
0.05,0,600,0.8549804935852686,14.501950641473139,3.1358500321706178,10.9375,False,3.310324622854266,3.309510809275748,0.0008138135785178413,3.2876505668779528,3.2969906981862707,-0.0093401313083179,0.010153944886835742
0.05,0,800,0.853271501759688,14.672849824031198,0.1708991825580597,5.95703125,True,3.310324622854266,3.25022790909729,0.060096713756975895,3.2876505668779528,3.237094014593953,0.05055655228399969,0.009540161472976205
