model,lambda,seed,step,avg_gate,pct_pruned,delta_pct_pruned,max_layer_delta_pct,would_be_converged,train_orig_ce,train_pruned_ce,train_delta,test_orig_ce,test_pruned_ce,test_delta,gap
opt125m,0.3,0,200,0.7840983221928278,21.590167780717216,0.0,0.0,False,2.4598153548926462,2.5255311075316738,-0.06571575263902751,2.9102497330431762,3.025083758911659,-0.11483402586848257,0.049118273229455056
opt125m,0.3,0,400,0.6836751475930214,31.63248524069786,10.042317459980644,19.40104365348816,False,2.4598153548926462,2.5424999522911067,-0.08268459739846046,2.9102497330431762,3.074950408505431,-0.16470067546225486,0.0820160780637944
opt125m,0.3,0,600,0.6668023144205412,33.319768557945885,1.6872833172480242,9.53775942325592,False,2.4598153548926462,2.5772721121584374,-0.11745675726579119,2.9102497330431762,3.1161055750039943,-0.20585584196081808,0.08839908469502689
opt125m,0.3,0,800,0.6547037934263548,34.529620657364525,1.2098520994186401,11.16536259651184,False,2.4598153548926462,2.5666486600291316,-0.10683330513648537,2.9102497330431762,3.108570939366938,-0.1983212063237616,0.09148790118727623
opt125m,0.3,0,850,0.6766764496763548,32.332355032364525,-2.197265625,14.74609375,True,2.4598153548926462,2.552984881099218,-0.0931695262065717,2.9102497330431762,3.0592762008734056,-0.14902646783022933,0.05585694162365762
