model,lambda,seed,step,avg_gate,pct_pruned,delta_pct_pruned,max_layer_delta_pct,would_be_converged,train_orig_ce,train_pruned_ce,train_delta,test_orig_ce,test_pruned_ce,test_delta,gap
opt125m,0.05,0,200,0.9600965976715088,3.990340232849121,0.0,0.0,False,2.4598153548926462,2.4855318036507903,-0.02571644875814405,2.9102497330431762,2.949872608492285,-0.03962287544910881,0.013906426690964757
opt125m,0.05,0,400,0.9298502852519354,7.0149714748064635,3.0246312419573425,19.56380009651184,False,2.4598153548926462,2.470807637869638,-0.010992282976991952,2.9102497330431762,2.932105067863534,-0.02185533482035762,0.010863051843365668
opt125m,0.05,0,600,0.8990071813265482,10.099281867345178,3.0843103925387148,15.657556056976318,False,2.4598153548926462,2.492139569692448,-0.032324214799801965,2.9102497330431762,2.9569752409462025,-0.04672550790302621,0.014401293103224244
opt125m,0.05,0,800,0.8668619990348816,13.31380009651184,3.2145182291666625,20.44270634651184,False,2.4598153548926462,2.499073440188057,-0.03925808529541097,2.9102497330431762,2.98395739125453,-0.07370765821135361,0.03444957291594264
opt125m,0.05,0,1000,0.8624674702684084,13.753252973159158,0.4394528766473176,6.673175096511841,False,2.4598153548926462,2.503072154639008,-0.04325679974636154,2.9102497330431762,2.9705298012591723,-0.060280068215996074,0.017023268469634534
opt125m,0.05,0,1200,0.8474663818875948,15.253361811240518,1.5001088380813599,4.4921875,False,2.4598153548926462,2.503700994830596,-0.043885639937949694,2.9102497330431762,2.970358130249916,-0.06010839720673955,0.016222757268789856
opt125m,0.05,0,1300,0.8385145540038744,16.148544599612556,0.895182788372038,4.361981153488159,True,2.4598153548926462,2.4920445099842854,-0.03222915509163915,2.9102497330431762,2.960880411484496,-0.050630678441319965,0.018401523349680815
